"time","Volt"
2023-10-10 00:02:14,0.375
2023-10-10 00:07:21,0.5625
2023-10-10 00:12:28,0.5625
2023-10-10 00:17:34,0.5625
2023-10-10 00:22:45,0.5625
2023-10-10 00:27:51,0.5625
2023-10-10 00:33:01,0.375
2023-10-10 00:38:12,0.5625
2023-10-10 00:43:11,0.5625
2023-10-10 00:48:18,0.5625
2023-10-10 00:53:28,0.5625
2023-10-10 00:58:34,0.5625
2023-10-10 01:03:40,0.5625
2023-10-10 01:08:46,0.5625
2023-10-10 01:13:51,0.5625
2023-10-10 01:19:02,0.5625
2023-10-10 01:24:12,0.375
2023-10-10 01:29:18,0.5625
2023-10-10 01:34:27,0.5625
2023-10-10 01:39:34,0.5625
2023-10-10 01:44:44,0.375
2023-10-10 01:49:53,0.5625
2023-10-10 01:55:00,0.5625
2023-10-10 02:00:06,0.5625
2023-10-10 02:05:15,0.5625
2023-10-10 02:10:28,0.375
2023-10-10 02:15:34,0.5625
2023-10-10 02:20:45,0.5625
2023-10-10 02:25:55,0.5625
2023-10-10 02:31:06,0.5625
2023-10-10 02:36:16,0.5625
2023-10-10 02:41:27,0.375
2023-10-10 02:46:35,0.5625
2023-10-10 02:51:41,0.5625
2023-10-10 02:56:47,0.5625
2023-10-10 03:01:57,0.5625
2023-10-10 03:07:06,0.5625
2023-10-10 03:12:13,0.5625
2023-10-10 03:17:23,0.5625
2023-10-10 03:22:29,0.5625
2023-10-10 03:27:39,0.5625
2023-10-10 03:32:45,0.5625
2023-10-10 03:37:56,0.5625
2023-10-10 03:43:07,0.5625
2023-10-10 03:48:19,0.5625
2023-10-10 03:53:31,0.5625
2023-10-10 03:58:43,0.5625
2023-10-10 04:03:49,0.5625
2023-10-10 04:08:54,0.5625
2023-10-10 04:13:54,0.5625
2023-10-10 04:19:06,0.5625
2023-10-10 04:24:16,0.5625
2023-10-10 04:29:23,0.5625
2023-10-10 04:34:29,0.5625
2023-10-10 04:39:39,0.5625
2023-10-10 04:44:48,0.5625
2023-10-10 04:49:55,0.375
2023-10-10 04:55:06,0.5625
2023-10-10 05:00:16,0.5625
2023-10-10 05:05:15,0.5625
2023-10-10 05:10:29,0.5625
2023-10-10 05:15:41,0.5625
2023-10-10 05:20:51,0.5625
2023-10-10 05:25:57,0.5625
2023-10-10 05:31:08,0.5625
2023-10-10 05:36:18,0.5625
2023-10-10 05:41:30,0.5625
2023-10-10 05:46:40,0.5625
2023-10-10 05:51:50,0.5625
2023-10-10 05:57:03,0.5625
2023-10-10 06:02:13,0.375
2023-10-10 06:07:19,0.5625
2023-10-10 06:12:30,0.5625
2023-10-10 06:17:40,0.5625
2023-10-10 06:22:50,0.5625
2023-10-10 06:28:01,0.5625
2023-10-10 06:33:07,0.5625
2023-10-10 06:38:18,0.5625
2023-10-10 06:43:25,0.5625
2023-10-10 06:48:35,0.5625
2023-10-10 06:53:45,0.5625
2023-10-10 06:58:51,0.5625
2023-10-10 07:03:57,0.5625
2023-10-10 07:09:02,0.5625
2023-10-10 07:14:14,0.5625
2023-10-10 07:19:19,0.5625
2023-10-10 07:24:28,0.5625
2023-10-10 07:29:40,0.5625
2023-10-10 07:34:49,0.5625
2023-10-10 07:39:55,0.5625
2023-10-10 07:45:05,0.75
2023-10-10 07:50:16,0.75
2023-10-10 07:55:28,0.9375
2023-10-10 08:00:34,0.9375
2023-10-10 08:05:46,0.9375
2023-10-10 08:10:57,0.9375
2023-10-10 08:16:04,0.9375
2023-10-10 08:21:11,0.9375
2023-10-10 08:26:16,0.9375
2023-10-10 08:31:23,1.125
2023-10-10 08:36:22,1.125
2023-10-10 08:41:34,1.125
2023-10-10 08:46:44,1.125
2023-10-10 08:51:56,1.125
2023-10-10 08:57:04,1.125
2023-10-10 09:02:11,1.125
2023-10-10 09:07:18,1.125
2023-10-10 09:12:28,1.3125
2023-10-10 09:17:33,1.3125
2023-10-10 09:22:43,1.3125
2023-10-10 09:27:50,1.3125
2023-10-10 09:32:56,1.5
2023-10-10 09:38:07,1.3125
2023-10-10 09:43:12,1.5
2023-10-10 09:48:25,1.3125
2023-10-10 09:53:34,1.3125
2023-10-10 09:58:42,1.5
2023-10-10 10:03:41,2.25
2023-10-10 10:08:48,1.5
2023-10-10 10:14:01,1.875
2023-10-10 10:19:07,3.75
2023-10-10 10:24:18,9.1875
2023-10-10 10:29:30,9.375
2023-10-10 10:34:41,9.5625
2023-10-10 10:39:40,9.9375
2023-10-10 10:44:51,10.125
2023-10-10 10:49:57,10.3125
2023-10-10 10:55:08,10.5
2023-10-10 11:00:13,10.875
2023-10-10 11:05:23,11.0625
2023-10-10 11:10:30,11.4375
2023-10-10 11:15:36,9.375
2023-10-10 11:20:42,3.0
2023-10-10 11:25:54,2.25
2023-10-10 11:31:03,2.0625
2023-10-10 11:36:13,1.5
2023-10-10 11:41:19,1.5
2023-10-10 11:46:25,1.5
2023-10-10 11:51:32,1.875
2023-10-10 11:56:42,2.0625
2023-10-10 12:01:41,1.3125
2023-10-10 12:06:48,1.5
2023-10-10 12:11:53,1.6875
2023-10-10 12:17:04,1.5
2023-10-10 12:22:15,1.875
2023-10-10 12:27:21,1.3125
2023-10-10 12:32:27,1.3125
2023-10-10 12:37:39,1.3125
2023-10-10 12:42:50,1.3125
2023-10-10 12:48:01,1.3125
2023-10-10 12:53:07,1.3125
2023-10-10 12:58:17,1.3125
2023-10-10 13:03:23,1.3125
2023-10-10 13:08:35,1.3125
2023-10-10 13:08:56,1.3125
2023-10-10 13:13:41,1.3125
2023-10-10 13:17:21,1.3125
2023-10-10 13:18:11,1.3125
2023-10-10 13:23:18,1.5
2023-10-10 13:28:26,1.6875
2023-10-10 13:33:35,1.3125
2023-10-10 13:38:42,1.3125
2023-10-10 13:43:50,1.3125
2023-10-10 13:48:58,2.0625
2023-10-10 13:54:12,1.3125
2023-10-10 13:59:19,1.5
2023-10-10 14:04:27,1.5
2023-10-10 14:09:40,1.6875
2023-10-10 14:14:53,1.3125
2023-10-10 14:20:04,5.0625
2023-10-10 14:25:17,2.8125
2023-10-10 14:30:28,4.125
2023-10-10 14:35:41,2.0625
2023-10-10 14:40:49,7.3125
2023-10-10 14:46:02,4.5
2023-10-10 14:51:14,1.6875
2023-10-10 14:56:27,1.5
2023-10-10 15:01:36,1.5
2023-10-10 15:06:44,1.3125
2023-10-10 15:11:52,1.3125
2023-10-10 15:17:04,1.5
2023-10-10 15:22:16,1.3125
2023-10-10 15:27:28,1.3125
2023-10-10 15:32:40,1.3125
2023-10-10 15:37:48,1.3125
2023-10-10 15:43:00,1.3125
2023-10-10 15:48:09,1.5
2023-10-10 15:53:16,1.3125
2023-10-10 15:58:29,3.375
2023-10-10 16:03:37,4.125
2023-10-10 16:08:45,2.25
2023-10-10 16:13:57,6.9375
2023-10-10 16:19:04,6.75
2023-10-10 16:24:17,6.1875
2023-10-10 16:29:30,6.0
2023-10-10 16:34:38,5.8125
2023-10-10 16:39:52,5.4375
2023-10-10 16:44:59,2.25
2023-10-10 16:50:13,1.125
2023-10-10 16:55:21,1.125
2023-10-10 17:00:35,1.125
2023-10-10 17:05:47,1.125
2023-10-10 17:11:01,0.9375
2023-10-10 17:16:10,1.125
2023-10-10 17:21:22,0.9375
2023-10-10 17:26:34,1.125
2023-10-10 17:31:45,0.9375
2023-10-10 17:36:53,1.125
2023-10-10 17:42:05,1.125
2023-10-10 17:47:18,0.9375
2023-10-10 17:52:26,0.9375
2023-10-10 17:57:26,0.75
2023-10-10 18:02:44,0.9375
2023-10-10 18:07:58,0.75
2023-10-10 18:13:06,0.75
2023-10-10 18:18:15,0.75
2023-10-10 18:23:23,0.5625
2023-10-10 18:28:36,0.5625
2023-10-10 18:33:45,0.5625
2023-10-10 18:39:07,0.5625
2023-10-10 18:44:19,0.5625
2023-10-10 18:49:27,0.5625
2023-10-10 18:54:40,0.5625
2023-10-10 18:59:54,0.375
2023-10-10 19:05:02,0.5625
2023-10-10 19:10:17,0.5625
2023-10-10 19:15:28,0.5625
2023-10-10 19:20:41,0.5625
2023-10-10 19:25:48,0.5625
2023-10-10 19:31:00,0.5625
2023-10-10 19:36:11,0.5625
2023-10-10 19:41:25,0.375
2023-10-10 19:46:36,0.5625
2023-10-10 19:51:42,0.5625
2023-10-10 19:57:07,0.375
2023-10-10 20:02:14,0.5625
2023-10-10 20:07:27,0.375
2023-10-10 20:12:35,0.5625
2023-10-10 20:17:45,0.5625
2023-10-10 20:22:59,0.5625
2023-10-10 20:28:07,0.5625
2023-10-10 20:33:19,0.375
2023-10-10 20:38:27,0.5625
2023-10-10 20:43:37,0.5625
2023-10-10 20:48:48,0.5625
2023-10-10 20:53:55,0.375
2023-10-10 20:59:03,0.5625
2023-10-10 21:04:11,0.5625
2023-10-10 21:09:21,0.5625
2023-10-10 21:14:28,0.5625
2023-10-10 21:19:36,0.5625
2023-10-10 21:24:47,0.5625
2023-10-10 21:30:00,0.5625
2023-10-10 21:35:13,0.5625
2023-10-10 21:40:25,0.5625
2023-10-10 21:45:34,0.5625
2023-10-10 21:50:40,0.5625
2023-10-10 21:56:04,0.5625
2023-10-10 22:01:11,0.5625
2023-10-10 22:06:18,0.5625
2023-10-10 22:11:26,0.5625
2023-10-10 22:16:39,0.5625
2023-10-10 22:21:50,0.5625
2023-10-10 22:27:02,0.5625
2023-10-10 22:32:12,0.5625
2023-10-10 22:37:24,0.5625
2023-10-10 22:42:36,0.375
2023-10-10 22:47:44,0.5625
2023-10-10 22:52:51,0.5625
2023-10-10 22:58:03,0.5625
2023-10-10 23:03:10,0.5625
2023-10-10 23:08:18,0.5625
2023-10-10 23:13:24,0.5625
2023-10-10 23:18:37,0.5625
2023-10-10 23:23:44,0.5625
2023-10-10 23:28:55,0.5625
2023-10-10 23:34:02,0.5625
2023-10-10 23:39:14,0.5625
2023-10-10 23:44:22,0.5625
2023-10-10 23:49:35,0.5625
2023-10-10 23:54:48,0.5625
2023-10-10 23:59:54,0.5625
2023-10-11 00:05:02,0.375
2023-10-11 00:10:17,0.5625
2023-10-11 00:15:24,0.5625
2023-10-11 00:20:31,0.5625
2023-10-11 00:25:38,0.5625
2023-10-11 00:30:50,0.5625
2023-10-11 00:35:57,0.5625
2023-10-11 00:41:09,0.5625
2023-10-11 00:46:21,0.5625
2023-10-11 00:51:29,0.5625
2023-10-11 00:56:42,0.5625
2023-10-11 01:01:51,0.5625
2023-10-11 01:06:59,0.5625
2023-10-11 01:12:11,0.5625
2023-10-11 01:17:20,0.5625
2023-10-11 01:22:28,0.5625
2023-10-11 01:27:40,0.5625
2023-10-11 01:32:52,0.5625
2023-10-11 01:38:00,0.5625
2023-10-11 01:43:12,0.5625
2023-10-11 01:48:19,0.5625
2023-10-11 01:53:33,0.5625
2023-10-11 01:58:44,0.5625
2023-10-11 02:03:56,0.5625
2023-10-11 02:09:07,0.5625
2023-10-11 02:14:19,0.5625
2023-10-11 02:19:26,0.5625
2023-10-11 02:24:37,0.5625
2023-10-11 02:29:47,0.5625
2023-10-11 02:34:59,0.5625
2023-10-11 02:40:10,0.5625
2023-10-11 02:45:22,0.5625
2023-10-11 02:50:31,0.5625
2023-10-11 02:55:37,0.5625
2023-10-11 03:00:48,0.5625
2023-10-11 03:05:59,0.5625
2023-10-11 03:11:12,0.5625
2023-10-11 03:16:11,0.5625
2023-10-11 03:21:23,0.375
2023-10-11 03:26:35,0.5625
2023-10-11 03:31:42,0.5625
2023-10-11 03:36:53,0.5625
2023-10-11 03:42:05,0.5625
2023-10-11 03:47:17,0.5625
2023-10-11 03:52:30,0.5625
2023-10-11 03:57:42,0.5625
2023-10-11 04:02:54,0.5625
2023-10-11 04:08:01,0.5625
2023-10-11 04:13:12,0.5625
2023-10-11 04:18:20,0.5625
2023-10-11 04:23:32,0.375
2023-10-11 04:28:42,0.5625
2023-10-11 04:33:54,0.5625
2023-10-11 04:39:08,0.5625
2023-10-11 04:44:19,0.5625
2023-10-11 04:49:31,0.5625
2023-10-11 04:54:44,0.5625
2023-10-11 04:59:55,0.5625
2023-10-11 05:05:04,0.5625
2023-10-11 05:10:14,0.5625
2023-10-11 05:15:21,0.5625
2023-10-11 05:20:32,0.5625
2023-10-11 05:25:46,0.5625
2023-10-11 05:30:58,0.5625
2023-10-11 05:36:10,0.375
2023-10-11 05:41:22,0.5625
2023-10-11 05:46:29,0.5625
2023-10-11 05:51:41,0.5625
2023-10-11 05:56:50,0.5625
2023-10-11 06:01:57,0.5625
2023-10-11 06:07:05,0.5625
2023-10-11 06:12:18,0.5625
2023-10-11 06:17:26,0.5625
2023-10-11 06:22:25,0.5625
2023-10-11 06:27:39,0.5625
2023-10-11 06:32:48,0.5625
2023-10-11 06:38:00,0.5625
2023-10-11 06:43:11,0.5625
2023-10-11 06:48:22,0.5625
2023-10-11 06:53:35,0.5625
2023-10-11 06:58:47,0.5625
2023-10-11 07:03:54,0.5625
2023-10-11 07:09:08,0.5625
2023-10-11 07:14:22,0.5625
2023-10-11 07:19:33,0.5625
2023-10-11 07:24:44,0.5625
2023-10-11 07:29:57,0.5625
2023-10-11 07:35:11,0.5625
2023-10-11 07:40:18,0.75
2023-10-11 07:45:29,0.75
2023-10-11 07:50:36,0.75
2023-10-11 07:55:48,0.75
2023-10-11 08:00:56,0.75
2023-10-11 08:06:06,0.75
2023-10-11 08:11:17,0.9375
2023-10-11 08:16:29,0.9375
2023-10-11 08:21:40,0.9375
2023-10-11 08:26:53,0.9375
2023-10-11 08:32:05,0.9375
2023-10-11 08:37:12,0.9375
2023-10-11 08:42:25,1.125
2023-10-11 08:47:36,1.125
2023-10-11 08:52:45,1.125
2023-10-11 08:57:57,1.125
2023-10-11 09:03:08,1.125
2023-10-11 09:08:15,1.125
2023-10-11 09:13:26,1.125
2023-10-11 09:18:41,1.125
2023-10-11 09:23:52,1.125
2023-10-11 09:28:59,1.3125
2023-10-11 09:34:06,1.3125
2023-10-11 09:39:13,1.3125
2023-10-11 09:44:22,1.5
2023-10-11 09:49:32,2.4375
2023-10-11 09:54:45,3.0
2023-10-11 09:59:57,3.5625
2023-10-11 10:05:04,3.1875
2023-10-11 10:10:18,3.0
2023-10-11 10:15:26,4.875
2023-10-11 10:20:39,6.1875
2023-10-11 10:25:46,8.8125
2023-10-11 10:30:54,9.1875
2023-10-11 10:36:05,9.5625
2023-10-11 10:41:12,9.75
2023-10-11 10:46:24,9.9375
2023-10-11 10:51:32,10.3125
2023-10-11 10:56:45,10.5
2023-10-11 11:01:56,10.5
2023-10-11 11:07:02,10.6875
2023-10-11 11:12:11,10.875
2023-10-11 11:17:19,9.1875
2023-10-11 11:22:32,1.5
2023-10-11 11:27:40,3.375
2023-10-11 11:32:53,1.3125
2023-10-11 11:38:00,1.5
2023-10-11 11:43:08,1.5
2023-10-11 11:48:07,1.5
2023-10-11 11:53:16,2.8125
2023-10-11 11:58:24,1.6875
2023-10-11 12:03:38,1.5
2023-10-11 12:08:45,1.6875
2023-10-11 12:13:58,1.5
2023-10-11 12:19:07,1.3125
2023-10-11 12:24:18,1.3125
2023-10-11 12:29:25,1.3125
2023-10-11 12:34:33,1.3125
2023-10-11 12:39:41,1.3125
2023-10-11 12:44:55,1.3125
2023-10-11 12:50:07,1.3125
2023-10-11 12:55:20,1.3125
2023-10-11 13:00:32,1.3125
2023-10-11 13:05:43,1.3125
2023-10-11 13:10:57,1.3125
2023-10-11 13:16:05,1.3125
2023-10-11 13:21:16,1.5
2023-10-11 13:26:24,2.625
2023-10-11 13:31:36,1.6875
2023-10-11 13:36:44,1.3125
2023-10-11 13:41:57,1.3125
2023-10-11 13:46:57,1.3125
2023-10-11 13:52:09,1.875
2023-10-11 13:57:23,1.875
2023-10-11 14:02:36,2.25
2023-10-11 14:07:48,1.3125
2023-10-11 14:12:57,1.6875
2023-10-11 14:18:08,3.1875
2023-10-11 14:23:19,2.25
2023-10-11 14:28:31,5.8125
2023-10-11 14:33:38,6.375
2023-10-11 14:38:51,9.0
2023-10-11 14:43:58,5.25
2023-10-11 14:49:12,3.1875
2023-10-11 14:54:19,2.4375
2023-10-11 14:59:18,1.5
2023-10-11 15:04:36,1.6875
2023-10-11 15:09:48,1.3125
2023-10-11 15:15:03,1.3125
2023-10-11 15:20:10,1.6875
2023-10-11 15:25:17,1.3125
2023-10-11 15:30:25,1.3125
2023-10-11 15:35:37,1.3125
2023-10-11 15:40:49,1.3125
2023-10-11 15:45:59,1.3125
2023-10-11 15:51:19,1.125
2023-10-11 15:56:26,1.6875
2023-10-11 16:01:33,5.0625
2023-10-11 16:06:46,1.5
2023-10-11 16:11:58,5.625
2023-10-11 16:17:05,6.5625
2023-10-11 16:22:18,6.375
2023-10-11 16:27:17,6.0
2023-10-11 16:32:30,5.625
2023-10-11 16:37:38,5.4375
2023-10-11 16:42:45,2.4375
2023-10-11 16:47:53,1.125
2023-10-11 16:52:59,1.125
2023-10-11 16:58:07,1.125
2023-10-11 17:03:16,0.9375
2023-10-11 17:08:23,1.125
2023-10-11 17:13:35,0.9375
2023-10-11 17:18:43,0.9375
2023-10-11 17:23:54,0.9375
2023-10-11 17:29:07,0.9375
2023-10-11 17:34:19,1.125
2023-10-11 17:39:30,1.125
2023-10-11 17:44:43,0.9375
2023-10-11 17:49:56,0.9375
2023-10-11 17:55:08,0.75
2023-10-11 18:00:21,0.75
2023-10-11 18:05:28,0.75
2023-10-11 18:10:40,0.75
2023-10-11 18:15:52,0.75
2023-10-11 18:21:06,0.5625
2023-10-11 18:26:13,0.5625
2023-10-11 18:31:22,0.5625
2023-10-11 18:36:29,0.5625
2023-10-11 18:41:37,0.5625
2023-10-11 18:46:50,0.5625
2023-10-11 18:52:02,0.5625
2023-10-11 18:57:10,0.5625
2023-10-11 19:02:17,0.5625
2023-10-11 19:07:25,0.5625
2023-10-11 19:12:33,0.5625
2023-10-11 19:17:45,0.375
2023-10-11 19:22:53,0.5625
2023-10-11 19:28:05,0.5625
2023-10-11 19:33:13,0.5625
2023-10-11 19:38:26,0.5625
2023-10-11 19:43:37,0.5625
2023-10-11 19:48:50,0.5625
2023-10-11 19:53:58,0.5625
2023-10-11 19:59:05,0.5625
2023-10-11 20:04:17,0.5625
2023-10-11 20:09:33,0.5625
2023-10-11 20:14:45,0.5625
2023-10-11 20:19:56,0.5625
2023-10-11 20:25:03,0.5625
2023-10-11 20:30:21,0.375
2023-10-11 20:35:29,0.5625
2023-10-11 20:40:42,0.5625
2023-10-11 20:45:53,0.5625
2023-10-11 20:51:07,0.5625
2023-10-11 20:56:15,0.5625
2023-10-11 21:01:28,0.5625
2023-10-11 21:06:28,0.5625
2023-10-11 21:11:35,0.5625
2023-10-11 21:16:48,0.5625
2023-10-11 21:22:00,0.5625
2023-10-11 21:27:13,0.5625
2023-10-11 21:32:13,0.5625
2023-10-11 21:37:21,0.5625
2023-10-11 21:42:33,0.5625
2023-10-11 21:47:47,0.5625
2023-10-11 21:52:55,0.5625
2023-10-11 21:58:03,0.5625
2023-10-11 22:03:16,0.5625
2023-10-11 22:08:28,0.5625
2023-10-11 22:13:41,0.5625
2023-10-11 22:18:45,0.5625
2023-10-11 22:24:10,0.5625
2023-10-11 22:29:18,0.5625
2023-10-11 22:34:26,0.5625
2023-10-11 22:39:38,0.5625
2023-10-11 22:44:46,0.375
2023-10-11 22:49:58,0.5625
2023-10-11 22:55:06,0.5625
2023-10-11 23:00:14,0.5625
2023-10-11 23:05:27,0.5625
2023-10-11 23:10:39,0.5625
2023-10-11 23:15:51,0.5625
2023-10-11 23:20:57,0.5625
2023-10-11 23:26:09,0.5625
2023-10-11 23:31:16,0.5625
2023-10-11 23:36:30,0.5625
2023-10-11 23:41:42,0.5625
2023-10-11 23:46:51,0.5625
2023-10-11 23:52:03,0.5625
2023-10-11 23:57:15,0.5625
2023-10-12 00:02:24,0.5625
2023-10-12 00:07:36,0.5625
2023-10-12 00:12:45,0.375
2023-10-12 00:17:57,0.5625
2023-10-12 00:23:04,0.5625
2023-10-12 00:28:16,0.5625
2023-10-12 00:33:25,0.375
2023-10-12 00:38:36,0.5625
2023-10-12 00:43:45,0.5625
2023-10-12 00:48:56,0.5625
2023-10-12 00:54:10,0.5625
2023-10-12 00:59:16,0.5625
2023-10-12 01:04:15,0.5625
2023-10-12 01:24:37,0.375
2023-10-12 01:45:33,0.5625
2023-10-12 02:06:23,0.5625
2023-10-12 02:26:56,0.375
2023-10-12 02:48:09,0.5625
2023-10-12 03:08:34,0.5625
2023-10-12 03:29:06,0.375
2023-10-12 03:50:09,0.5625
2023-10-12 04:10:51,0.5625
2023-10-12 04:31:23,0.5625
2023-10-12 04:52:20,0.5625
2023-10-12 05:13:18,0.5625
2023-10-12 05:18:19,0.5625
2023-10-12 05:39:15,0.5625
2023-10-12 05:59:55,0.5625
2023-10-12 06:20:51,0.5625
2023-10-12 06:42:19,0.5625
2023-10-12 07:02:54,0.5625
2023-10-12 07:23:26,0.5625
2023-10-12 07:44:26,0.75
2023-10-12 08:04:57,1.125
2023-10-12 08:25:25,1.3125
2023-10-12 08:46:23,1.875
2023-10-12 09:06:57,2.0625
2023-10-12 09:27:33,3.0
2023-10-12 09:48:34,2.625
2023-10-12 10:09:08,3.1875
2023-10-12 10:29:36,3.9375
2023-10-12 10:50:33,4.5
2023-10-12 11:11:30,4.3125
2023-10-12 11:31:59,4.125
2023-10-12 11:52:57,3.75
2023-10-12 12:13:30,3.9375
2023-10-12 12:33:58,3.75
2023-10-12 12:55:06,3.9375
2023-10-12 13:16:01,4.3125
2023-10-12 13:36:28,4.875
2023-10-12 13:57:26,3.5625
2023-10-12 14:02:26,4.125
2023-10-12 14:23:00,3.75
2023-10-12 14:43:56,2.0625
2023-10-12 15:04:27,1.875
2023-10-12 15:25:04,2.0625
2023-10-12 15:46:03,1.125
2023-10-12 16:06:42,0.9375
2023-10-12 16:27:27,1.125
2023-10-12 16:48:27,0.9375
2023-10-12 17:09:00,0.9375
2023-10-12 17:29:36,0.75
2023-10-12 17:50:34,0.75
2023-10-12 18:11:06,0.5625
2023-10-12 18:31:52,0.5625
2023-10-12 18:52:45,0.5625
2023-10-12 19:13:17,0.5625
2023-10-12 19:34:20,0.5625
2023-10-12 19:55:16,0.5625
2023-10-12 20:15:48,0.5625
2023-10-12 20:36:21,0.5625
2023-10-12 20:57:22,0.5625
2023-10-12 21:02:52,0.5625
2023-10-12 21:23:23,0.5625
2023-10-12 21:45:03,0.5625
2023-10-12 22:05:36,0.5625
2023-10-12 22:26:07,0.5625
2023-10-12 22:47:14,0.5625
2023-10-12 23:07:55,0.5625
2023-10-12 23:28:23,0.5625
2023-10-12 23:49:20,0.375
2023-10-13 00:10:07,0.5625
2023-10-13 00:30:43,0.5625
2023-10-13 00:51:41,0.375
2023-10-13 01:12:35,0.5625
2023-10-13 01:33:03,0.5625
2023-10-13 01:54:01,0.5625
2023-10-13 02:14:45,0.5625
2023-10-13 02:35:18,0.5625
2023-10-13 02:56:16,0.5625
2023-10-13 03:16:56,0.375
2023-10-13 03:37:25,0.5625
2023-10-13 03:58:26,0.5625
2023-10-13 04:19:11,0.5625
2023-10-13 04:39:38,0.5625
2023-10-13 05:00:35,0.5625
2023-10-13 05:21:29,0.5625
2023-10-13 05:42:45,0.5625
2023-10-13 05:47:50,0.5625
2023-10-13 06:08:16,0.375
2023-10-13 06:28:49,0.5625
2023-10-13 06:49:51,0.5625
2023-10-13 07:10:26,0.5625
2023-10-13 07:30:59,0.5625
2023-10-13 07:51:57,0.5625
2023-10-13 08:12:33,0.5625
2023-10-13 08:33:01,0.5625
2023-10-13 08:54:09,0.75
2023-10-13 09:14:54,0.75
2023-10-13 09:35:26,0.9375
2023-10-13 09:56:23,0.75
2023-10-13 10:17:06,0.9375
2023-10-13 10:37:37,0.9375
2023-10-13 10:58:37,1.3125
2023-10-13 11:19:35,1.125
2023-10-13 11:40:08,0.9375
2023-10-13 12:01:04,0.9375
2023-10-13 12:21:44,1.125
2023-10-13 12:42:11,0.9375
2023-10-13 13:03:12,1.125
2023-10-13 13:24:12,1.6875
2023-10-13 13:45:07,1.5
2023-10-13 14:06:29,1.875
2023-10-13 14:11:30,1.5
2023-10-13 14:31:56,1.3125
2023-10-13 14:52:52,1.125
2023-10-13 15:13:28,1.3125
2023-10-13 15:34:02,1.3125
2023-10-13 15:55:03,1.125
2023-10-13 16:15:59,1.3125
2023-10-13 16:36:28,0.9375
2023-10-13 16:57:25,0.9375
2023-10-13 17:18:00,0.75
2023-10-13 17:38:29,0.75
2023-10-13 17:59:27,0.5625
2023-10-13 18:20:33,0.5625
2023-10-13 18:41:21,0.5625
2023-10-13 19:02:29,0.5625
2023-10-13 19:23:01,0.5625
2023-10-13 19:43:49,0.5625
2023-10-13 20:04:44,0.5625
2023-10-13 20:25:16,0.5625
2023-10-13 20:46:18,0.5625
2023-10-13 21:07:15,0.5625
2023-10-13 21:27:48,0.5625
2023-10-13 21:48:39,0.5625
2023-10-13 22:09:37,0.5625
2023-10-13 22:30:16,0.375
2023-10-13 22:51:03,0.5625
2023-10-13 23:12:04,0.5625
2023-10-13 23:32:35,0.5625
2023-10-13 23:53:19,0.5625
2023-10-14 00:14:15,0.5625
2023-10-14 00:34:47,0.5625
2023-10-14 00:55:28,0.5625
2023-10-14 01:16:20,0.5625
2023-10-14 01:36:52,0.375
2023-10-14 01:58:15,0.375
2023-10-14 02:19:15,0.5625
2023-10-14 02:39:51,0.5625
2023-10-14 03:00:23,0.5625
2023-10-14 03:21:25,0.5625
2023-10-14 03:42:00,0.5625
2023-10-14 04:02:40,0.5625
2023-10-14 04:23:37,0.5625
2023-10-14 04:44:09,0.5625
2023-10-14 05:04:58,0.5625
2023-10-14 05:26:05,0.5625
2023-10-14 05:46:36,0.5625
2023-10-14 06:07:23,0.5625
2023-10-14 06:28:16,0.5625
2023-10-14 06:48:48,0.5625
2023-10-14 07:09:29,0.5625
2023-10-14 07:30:23,0.5625
2023-10-14 07:50:55,0.75
2023-10-14 08:11:48,0.9375
2023-10-14 08:32:45,0.9375
2023-10-14 08:53:28,1.125
2023-10-14 09:13:58,1.125
2023-10-14 09:34:56,2.25
2023-10-14 09:55:29,2.4375
2023-10-14 10:16:13,3.75
2023-10-14 10:37:10,2.8125
2023-10-14 10:57:41,3.0
2023-10-14 11:18:17,3.1875
2023-10-14 11:39:10,1.5
2023-10-14 11:59:42,3.1875
2023-10-14 12:20:30,2.8125
2023-10-14 12:41:31,3.1875
2023-10-14 13:02:04,4.125
2023-10-14 13:22:49,3.75
2023-10-14 13:43:48,4.3125
2023-10-14 14:04:28,3.375
2023-10-14 14:25:00,3.1875
2023-10-14 14:45:54,3.5625
2023-10-14 15:06:26,1.3125
2023-10-14 15:27:04,2.4375
2023-10-14 15:48:06,3.0
2023-10-14 16:08:38,2.4375
2023-10-14 16:29:19,2.4375
2023-10-14 16:50:12,1.5
2023-10-14 17:10:44,1.5
2023-10-14 17:31:46,1.125
2023-10-14 17:52:58,0.5625
2023-10-14 18:13:27,0.5625
2023-10-14 18:33:59,0.5625
2023-10-14 18:55:01,0.5625
2023-10-14 19:15:41,0.5625
2023-10-14 19:36:12,0.375
2023-10-14 19:57:44,0.5625
2023-10-14 20:18:17,0.5625
2023-10-14 20:38:48,0.5625
2023-10-14 20:59:53,0.5625
2023-10-14 21:20:33,0.5625
2023-10-14 21:41:06,0.375
2023-10-14 22:01:59,0.5625
2023-10-14 22:22:30,0.5625
2023-10-14 22:43:05,0.5625
2023-10-14 23:04:09,0.5625
2023-10-14 23:24:37,0.5625
2023-10-14 23:45:08,0.5625
2023-10-15 00:06:07,0.5625
2023-10-15 00:26:58,0.5625
2023-10-15 00:47:25,0.375
2023-10-15 01:08:22,0.5625
2023-10-15 01:29:22,0.375
2023-10-15 01:49:51,0.5625
2023-10-15 02:10:58,0.5625
2023-10-15 02:31:32,0.375
2023-10-15 02:52:00,0.5625
2023-10-15 03:12:57,0.375
2023-10-15 03:33:36,0.5625
2023-10-15 03:54:11,0.5625
2023-10-15 04:15:10,0.5625
2023-10-15 04:36:01,0.5625
2023-10-15 04:56:30,0.5625
2023-10-15 05:17:27,0.5625
2023-10-15 05:38:16,0.5625
2023-10-15 05:58:44,0.5625
2023-10-15 06:19:44,0.5625
2023-10-15 06:40:19,0.5625
2023-10-15 07:00:52,0.5625
2023-10-15 07:21:52,0.5625
2023-10-15 07:42:38,0.5625
2023-10-15 08:03:11,0.75
2023-10-15 08:24:08,1.125
2023-10-15 08:45:02,1.5
2023-10-15 09:05:42,1.6875
2023-10-15 09:26:42,1.875
2023-10-15 09:47:36,2.625
2023-10-15 10:08:04,3.0
2023-10-15 10:29:00,3.375
2023-10-15 10:49:41,2.8125
2023-10-15 11:10:15,3.375
2023-10-15 11:31:15,3.5625
2023-10-15 11:51:48,3.9375
2023-10-15 12:12:16,1.6875
2023-10-15 12:33:23,1.3125
2023-10-15 12:53:58,1.5
2023-10-15 13:14:26,1.5
2023-10-15 13:35:29,1.6875
2023-10-15 13:56:01,2.0625
2023-10-15 14:16:37,2.25
2023-10-15 14:21:41,1.6875
2023-10-15 14:42:08,3.0
2023-10-15 15:02:50,1.875
2023-10-15 15:23:42,1.875
2023-10-15 15:44:23,1.5
2023-10-15 16:05:17,2.4375
2023-10-15 16:26:18,5.625
2023-10-15 16:46:50,1.125
2023-10-15 17:07:31,1.125
2023-10-15 17:28:34,1.125
2023-10-15 17:49:05,0.75
2023-10-15 18:09:44,0.75
2023-10-15 18:30:35,0.5625
2023-10-15 18:51:07,0.5625
2023-10-15 19:12:11,0.5625
2023-10-15 19:33:10,0.5625
2023-10-15 19:53:42,0.5625
2023-10-15 20:14:27,0.5625
2023-10-15 20:19:28,0.5625
2023-10-15 20:39:59,0.5625
2023-10-15 21:00:30,0.5625
2023-10-15 21:21:31,0.375
2023-10-15 21:42:04,0.5625
2023-10-15 22:02:36,0.5625
2023-10-15 22:24:12,0.5625
2023-10-15 22:44:40,0.5625
2023-10-15 23:05:12,0.5625
2023-10-15 23:26:09,0.5625
2023-10-15 23:46:37,0.5625
2023-10-16 00:07:12,0.5625
2023-10-16 00:28:41,0.5625
2023-10-16 00:33:42,0.5625
2023-10-16 00:38:49,0.5625
2023-10-16 00:44:02,0.5625
2023-10-16 00:49:14,0.5625
2023-10-16 00:54:27,0.5625
2023-10-16 00:59:30,0.375
2023-10-16 01:04:42,0.5625
2023-10-16 01:09:49,0.5625
2023-10-16 01:15:01,0.5625
2023-10-16 01:20:13,0.5625
2023-10-16 01:25:27,0.5625
2023-10-16 01:30:38,0.5625
2023-10-16 01:35:45,0.5625
2023-10-16 01:40:57,0.375
2023-10-16 01:46:10,0.5625
2023-10-16 01:51:24,0.375
2023-10-16 01:56:31,0.5625
2023-10-16 02:01:39,0.5625
2023-10-16 02:06:47,0.5625
2023-10-16 02:11:55,0.5625
2023-10-16 02:17:02,0.5625
2023-10-16 02:22:14,0.5625
2023-10-16 02:27:27,0.375
2023-10-16 02:32:39,0.5625
2023-10-16 02:37:46,0.5625
2023-10-16 02:42:59,0.5625
2023-10-16 02:47:58,0.5625
2023-10-16 02:53:07,0.5625
2023-10-16 02:58:19,0.5625
2023-10-16 03:03:26,0.5625
2023-10-16 03:08:33,0.5625
2023-10-16 03:13:41,0.5625
2023-10-16 03:18:40,0.5625
2023-10-16 03:23:56,0.5625
2023-10-16 03:29:03,0.5625
2023-10-16 03:34:15,0.5625
2023-10-16 03:39:27,0.375
2023-10-16 03:44:39,0.5625
2023-10-16 03:49:49,0.5625
2023-10-16 03:55:02,0.5625
2023-10-16 04:00:14,0.5625
2023-10-16 04:05:26,0.5625
2023-10-16 04:10:39,0.5625
2023-10-16 04:15:50,0.5625
2023-10-16 04:21:02,0.5625
2023-10-16 04:26:10,0.5625
2023-10-16 04:31:18,0.5625
2023-10-16 04:36:30,0.5625
2023-10-16 04:41:42,0.5625
2023-10-16 04:46:55,0.5625
2023-10-16 04:52:08,0.5625
2023-10-16 04:57:07,0.5625
2023-10-16 05:02:19,0.5625
2023-10-16 05:07:26,0.5625
2023-10-16 05:12:38,0.375
2023-10-16 05:17:50,0.5625
2023-10-16 05:22:57,0.5625
2023-10-16 05:28:04,0.5625
2023-10-16 05:33:17,0.5625
2023-10-16 05:38:29,0.5625
2023-10-16 05:43:41,0.5625
2023-10-16 05:48:54,0.5625
2023-10-16 05:54:05,0.5625
2023-10-16 05:59:12,0.5625
2023-10-16 06:04:25,0.5625
2023-10-16 06:09:35,0.375
2023-10-16 06:14:49,0.5625
2023-10-16 06:20:00,0.5625
2023-10-16 06:25:09,0.5625
2023-10-16 06:30:22,0.5625
2023-10-16 06:35:34,0.5625
2023-10-16 06:40:46,0.5625
2023-10-16 06:45:59,0.5625
2023-10-16 06:51:10,0.375
2023-10-16 06:56:19,0.5625
2023-10-16 07:01:31,0.5625
2023-10-16 07:06:43,0.5625
2023-10-16 07:11:56,0.5625
2023-10-16 07:17:04,0.5625
2023-10-16 07:22:12,0.5625
2023-10-16 07:27:20,0.75
2023-10-16 07:32:33,0.5625
2023-10-16 07:37:46,0.5625
2023-10-16 07:42:57,0.75
2023-10-16 07:48:09,0.75
2023-10-16 07:53:17,0.75
2023-10-16 07:58:31,0.75
2023-10-16 08:03:39,0.75
2023-10-16 08:08:51,0.9375
2023-10-16 08:14:02,0.9375
2023-10-16 08:19:09,0.9375
2023-10-16 08:24:21,0.9375
2023-10-16 08:29:36,0.9375
2023-10-16 08:34:44,0.9375
2023-10-16 08:39:57,1.125
2023-10-16 08:45:09,1.125
2023-10-16 08:50:22,1.125
2023-10-16 08:55:35,1.125
2023-10-16 09:00:48,1.125
2023-10-16 09:06:00,1.125
2023-10-16 09:11:07,1.125
2023-10-16 09:16:15,1.125
2023-10-16 09:21:24,1.125
2023-10-16 09:26:35,1.3125
2023-10-16 09:31:48,1.6875
2023-10-16 09:37:02,1.3125
2023-10-16 09:42:12,1.6875
2023-10-16 09:47:24,1.5
2023-10-16 09:52:31,2.25
2023-10-16 09:57:45,1.6875
2023-10-16 10:02:52,3.5625
2023-10-16 10:08:06,2.8125
2023-10-16 10:13:15,2.8125
2023-10-16 10:18:23,5.8125
2023-10-16 10:23:34,7.6875
2023-10-16 10:28:46,8.8125
2023-10-16 10:33:59,9.0
2023-10-16 10:39:11,9.1875
2023-10-16 10:44:21,9.5625
2023-10-16 10:49:35,9.75
2023-10-16 10:54:47,9.9375
2023-10-16 11:00:00,9.1875
2023-10-16 11:05:08,10.3125
2023-10-16 11:10:16,10.5
2023-10-16 11:15:24,11.25
2023-10-16 11:20:39,2.4375
2023-10-16 11:25:52,2.8125
2023-10-16 11:31:03,1.875
2023-10-16 11:36:15,1.6875
2023-10-16 11:41:28,1.875
2023-10-16 11:46:36,2.0625
2023-10-16 11:51:48,1.5
2023-10-16 11:57:03,1.875
2023-10-16 12:02:10,2.625
2023-10-16 12:07:09,1.3125
2023-10-16 12:12:18,1.5
2023-10-16 12:17:32,1.3125
2023-10-16 12:22:40,1.5
2023-10-16 12:27:53,1.3125
2023-10-16 12:33:01,1.3125
2023-10-16 12:38:14,1.5
2023-10-16 12:43:29,1.3125
2023-10-16 12:48:41,1.3125
2023-10-16 12:53:53,1.6875
2023-10-16 12:59:03,1.5
2023-10-16 13:04:11,1.3125
2023-10-16 13:09:24,1.3125
2023-10-16 13:14:32,1.5
2023-10-16 13:19:45,1.3125
2023-10-16 13:24:59,1.6875
2023-10-16 13:30:11,1.3125
2023-10-16 13:35:24,1.3125
2023-10-16 13:40:37,1.3125
2023-10-16 13:45:44,1.5
2023-10-16 13:50:58,1.5
2023-10-16 13:56:09,1.3125
2023-10-16 14:01:22,1.3125
2023-10-16 14:06:35,1.875
2023-10-16 14:11:43,1.3125
2023-10-16 14:16:55,2.625
2023-10-16 14:22:08,4.3125
2023-10-16 14:27:20,3.9375
2023-10-16 14:32:35,3.375
2023-10-16 14:37:49,2.25
2023-10-16 14:43:01,4.125
2023-10-16 14:48:10,6.375
2023-10-16 14:53:21,2.25
2023-10-16 14:58:35,2.25
2023-10-16 15:03:49,1.875
2023-10-16 15:08:57,1.3125
2023-10-16 15:14:10,1.3125
2023-10-16 15:19:27,1.5
2023-10-16 15:24:35,1.5
2023-10-16 15:29:47,1.3125
2023-10-16 15:34:59,1.3125
2023-10-16 15:40:08,1.3125
2023-10-16 15:45:16,1.3125
2023-10-16 15:50:24,1.3125
2023-10-16 15:55:32,1.5
2023-10-16 16:00:44,2.25
2023-10-16 16:05:57,4.125
2023-10-16 16:11:10,6.1875
2023-10-16 16:16:18,6.0
2023-10-16 16:21:31,5.625
2023-10-16 16:26:40,4.875
2023-10-16 16:31:52,2.625
2023-10-16 16:37:05,2.625
2023-10-16 16:42:14,1.125
2023-10-16 16:47:26,1.125
2023-10-16 16:52:40,1.125
2023-10-16 16:57:48,1.125
2023-10-16 17:03:02,1.125
2023-10-16 17:08:09,1.125
2023-10-16 17:13:23,1.125
2023-10-16 17:18:36,0.9375
2023-10-16 17:23:49,0.9375
2023-10-16 17:29:01,1.125
2023-10-16 17:34:13,0.9375
2023-10-16 17:39:23,0.9375
2023-10-16 17:44:31,0.75
2023-10-16 17:49:39,0.75
2023-10-16 17:54:51,0.75
2023-10-16 18:00:06,0.5625
2023-10-16 18:05:17,0.5625
2023-10-16 18:10:25,0.5625
2023-10-16 18:15:37,0.5625
2023-10-16 18:20:50,0.5625
2023-10-16 18:25:58,0.5625
2023-10-16 18:31:11,0.5625
2023-10-16 18:36:23,0.5625
2023-10-16 18:41:31,0.5625
2023-10-16 18:46:43,0.5625
2023-10-16 18:51:55,0.5625
2023-10-16 18:57:07,0.5625
2023-10-16 19:02:17,0.5625
2023-10-16 19:07:29,0.5625
2023-10-16 19:12:37,0.5625
2023-10-16 19:17:45,0.5625
2023-10-16 19:22:58,0.5625
2023-10-16 19:28:06,0.5625
2023-10-16 19:33:19,0.5625
2023-10-16 19:38:32,0.5625
2023-10-16 19:43:45,0.5625
2023-10-16 19:48:53,0.5625
2023-10-16 19:54:05,0.375
2023-10-16 19:59:18,0.375
2023-10-16 20:04:32,0.5625
2023-10-16 20:09:44,0.5625
2023-10-16 20:14:56,0.5625
2023-10-16 20:20:05,0.5625
2023-10-16 20:25:13,0.5625
2023-10-16 20:30:25,0.5625
2023-10-16 20:35:39,0.5625
2023-10-16 20:40:47,0.5625
2023-10-16 20:46:00,0.5625
2023-10-16 20:51:12,0.5625
2023-10-16 20:56:20,0.375
2023-10-16 21:01:32,0.375
2023-10-16 21:06:40,0.5625
2023-10-16 21:11:52,0.5625
2023-10-16 21:17:00,0.5625
2023-10-16 21:22:08,0.5625
2023-10-16 21:27:17,0.5625
2023-10-16 21:32:25,0.5625
2023-10-16 21:37:33,0.5625
2023-10-16 21:42:47,0.5625
2023-10-16 21:47:59,0.5625
2023-10-16 21:53:07,0.5625
2023-10-16 21:58:19,0.5625
2023-10-16 22:03:31,0.375
2023-10-16 22:08:45,0.5625
2023-10-16 22:13:57,0.5625
2023-10-16 22:19:09,0.5625
2023-10-16 22:24:17,0.5625
2023-10-16 22:29:29,0.5625
2023-10-16 22:34:37,0.5625
2023-10-16 22:39:50,0.5625
2023-10-16 22:45:04,0.5625
2023-10-16 22:50:17,0.5625
2023-10-16 22:55:25,0.375
2023-10-16 23:00:33,0.5625
2023-10-16 23:05:45,0.5625
2023-10-16 23:10:53,0.5625
2023-10-16 23:16:05,0.5625
2023-10-16 23:21:17,0.375
2023-10-16 23:26:30,0.5625
2023-10-16 23:31:42,0.5625
2023-10-16 23:36:52,0.5625
2023-10-16 23:42:00,0.5625
2023-10-16 23:47:13,0.5625
2023-10-16 23:52:21,0.5625
2023-10-16 23:57:29,0.5625
2023-10-17 00:02:37,0.5625
2023-10-17 00:07:50,0.5625
2023-10-17 00:13:03,0.5625
2023-10-17 00:18:15,0.5625
2023-10-17 00:23:30,0.5625
2023-10-17 00:28:42,0.5625
2023-10-17 00:33:54,0.5625
2023-10-17 00:39:07,0.5625
2023-10-17 00:44:15,0.5625
2023-10-17 00:49:29,0.5625
2023-10-17 00:54:37,0.5625
2023-10-17 00:59:50,0.5625
2023-10-17 01:04:58,0.5625
2023-10-17 01:10:10,0.5625
2023-10-17 01:15:24,0.375
2023-10-17 01:20:36,0.5625
2023-10-17 01:25:48,0.5625
2023-10-17 01:30:56,0.375
2023-10-17 01:36:09,0.5625
2023-10-17 01:41:22,0.5625
2023-10-17 01:46:30,0.5625
2023-10-17 01:51:42,0.5625
2023-10-17 01:56:54,0.5625
2023-10-17 02:02:07,0.5625
2023-10-17 02:07:19,0.5625
2023-10-17 02:12:27,0.5625
2023-10-17 02:17:35,0.375
2023-10-17 02:22:43,0.5625
2023-10-17 02:27:43,0.5625
2023-10-17 02:32:55,0.5625
2023-10-17 02:38:03,0.5625
2023-10-17 02:43:11,0.5625
2023-10-17 02:48:19,0.375
2023-10-17 02:53:32,0.5625
2023-10-17 02:58:40,0.5625
2023-10-17 03:03:53,0.5625
2023-10-17 03:09:01,0.5625
2023-10-17 03:14:15,0.5625
2023-10-17 03:19:22,0.5625
2023-10-17 03:24:36,0.375
2023-10-17 03:29:49,0.5625
2023-10-17 03:35:01,0.5625
2023-10-17 03:40:09,0.5625
2023-10-17 03:45:23,0.5625
2023-10-17 03:50:31,0.5625
2023-10-17 03:55:31,0.5625
2023-10-17 04:00:44,0.5625
2023-10-17 04:05:58,0.5625
2023-10-17 04:11:06,0.5625
2023-10-17 04:16:14,0.5625
2023-10-17 04:21:22,0.5625
2023-10-17 04:26:35,0.5625
2023-10-17 04:31:49,0.5625
2023-10-17 04:37:01,0.5625
2023-10-17 04:42:08,0.5625
2023-10-17 04:47:20,0.5625
2023-10-17 04:52:30,0.5625
2023-10-17 04:57:38,0.5625
2023-10-17 05:02:46,0.5625
2023-10-17 05:07:59,0.5625
2023-10-17 05:13:13,0.5625
2023-10-17 05:18:21,0.5625
2023-10-17 05:23:29,0.5625
2023-10-17 05:28:37,0.5625
2023-10-17 05:33:45,0.5625
2023-10-17 05:38:57,0.5625
2023-10-17 05:44:10,0.5625
2023-10-17 05:49:18,0.5625
2023-10-17 05:54:32,0.5625
2023-10-17 05:59:45,0.5625
2023-10-17 06:04:53,0.5625
2023-10-17 06:10:07,0.5625
2023-10-17 06:15:15,0.5625
2023-10-17 06:20:28,0.5625
2023-10-17 06:25:41,0.5625
2023-10-17 06:30:55,0.5625
2023-10-17 06:36:08,0.5625
2023-10-17 06:41:20,0.5625
2023-10-17 06:46:28,0.5625
2023-10-17 06:51:36,0.5625
2023-10-17 06:56:47,0.375
2023-10-17 07:02:01,0.5625
2023-10-17 07:07:08,0.5625
2023-10-17 07:12:22,0.5625
2023-10-17 07:17:30,0.5625
2023-10-17 07:22:39,0.5625
2023-10-17 07:27:47,0.5625
2023-10-17 07:33:01,0.5625
2023-10-17 07:38:08,0.5625
2023-10-17 07:43:20,0.5625
2023-10-17 07:48:28,0.75
2023-10-17 07:53:36,0.75
2023-10-17 07:58:50,0.75
2023-10-17 08:04:02,0.9375
2023-10-17 08:09:11,0.75
2023-10-17 08:14:26,0.9375
2023-10-17 08:19:33,0.9375
2023-10-17 08:24:47,0.9375
2023-10-17 08:30:00,0.9375
2023-10-17 08:35:13,0.9375
2023-10-17 08:40:28,1.125
2023-10-17 08:45:39,1.125
2023-10-17 08:50:46,1.125
2023-10-17 08:55:59,1.125
2023-10-17 09:01:12,1.125
2023-10-17 09:06:24,1.125
2023-10-17 09:11:37,1.3125
2023-10-17 09:16:49,1.3125
2023-10-17 09:22:03,1.3125
2023-10-17 09:27:15,1.875
2023-10-17 09:32:27,2.0625
2023-10-17 09:37:39,1.5
2023-10-17 09:42:47,4.3125
2023-10-17 09:47:59,1.5
2023-10-17 09:53:12,2.25
2023-10-17 09:58:26,1.875
2023-10-17 10:03:40,3.9375
2023-10-17 10:08:52,3.1875
2023-10-17 10:14:00,4.875
2023-10-17 10:19:08,3.75
2023-10-17 10:24:22,7.125
2023-10-17 10:29:30,8.4375
2023-10-17 10:34:44,8.25
2023-10-17 10:39:51,9.0
2023-10-17 10:45:05,9.0
2023-10-17 10:50:18,8.625
2023-10-17 10:55:30,8.625
2023-10-17 11:00:39,9.1875
2023-10-17 11:05:49,9.75
2023-10-17 11:11:03,9.9375
2023-10-17 11:16:14,10.3125
2023-10-17 11:21:29,4.6875
2023-10-17 11:26:38,5.0625
2023-10-17 11:31:46,1.6875
2023-10-17 11:36:58,1.6875
2023-10-17 11:42:09,1.6875
2023-10-17 11:47:21,1.6875
2023-10-17 11:52:34,2.25
2023-10-17 11:57:46,3.0
2023-10-17 12:02:55,1.875
2023-10-17 12:08:08,1.6875
2023-10-17 12:13:16,1.6875
2023-10-17 12:18:29,1.5
2023-10-17 12:23:41,1.6875
2023-10-17 12:28:55,1.6875
2023-10-17 12:33:54,1.6875
2023-10-17 12:39:02,1.6875
2023-10-17 12:44:10,1.5
2023-10-17 12:49:18,1.5
2023-10-17 12:54:32,1.5
2023-10-17 12:59:44,1.5
2023-10-17 13:04:55,1.3125
2023-10-17 13:10:05,1.5
2023-10-17 13:15:11,1.5
2023-10-17 13:20:25,1.5
2023-10-17 13:25:36,1.875
2023-10-17 13:30:46,1.5
2023-10-17 13:35:54,1.5
2023-10-17 13:41:07,1.5
2023-10-17 13:46:21,1.3125
2023-10-17 13:51:29,1.5
2023-10-17 13:56:40,1.5
2023-10-17 14:01:52,1.5
2023-10-17 14:07:05,1.5
2023-10-17 14:12:18,4.125
2023-10-17 14:17:25,4.6875
2023-10-17 14:22:38,5.4375
2023-10-17 14:27:51,3.375
2023-10-17 14:32:50,2.0625
2023-10-17 14:38:04,2.25
2023-10-17 14:43:12,1.875
2023-10-17 14:48:27,5.25
2023-10-17 14:53:33,3.9375
2023-10-17 14:58:45,2.0625
2023-10-17 15:03:52,1.6875
2023-10-17 15:08:59,1.3125
2023-10-17 15:14:12,1.3125
2023-10-17 15:19:25,1.3125
2023-10-17 15:24:38,1.3125
2023-10-17 15:29:50,1.3125
2023-10-17 15:34:57,1.5
2023-10-17 15:40:13,1.5
2023-10-17 15:45:26,1.5
2023-10-17 15:50:39,1.6875
2023-10-17 15:55:53,1.6875
2023-10-17 16:01:06,2.25
2023-10-17 16:06:13,2.4375
2023-10-17 16:11:25,5.0625
2023-10-17 16:16:33,4.5
2023-10-17 16:21:45,3.375
2023-10-17 16:26:58,2.625
2023-10-17 16:32:05,1.875
2023-10-17 16:37:12,1.875
2023-10-17 16:42:23,1.5
2023-10-17 16:47:32,1.3125
2023-10-17 16:52:40,1.125
2023-10-17 16:57:52,1.125
2023-10-17 17:03:04,1.125
2023-10-17 17:08:11,1.125
2023-10-17 17:13:21,1.125
2023-10-17 17:18:35,0.9375
2023-10-17 17:23:41,0.9375
2023-10-17 17:28:40,0.9375
2023-10-17 17:33:50,0.9375
2023-10-17 17:39:01,0.9375
2023-10-17 17:44:14,0.75
2023-10-17 17:49:22,0.9375
2023-10-17 17:54:29,0.75
2023-10-17 17:59:42,0.75
2023-10-17 18:04:54,0.75
2023-10-17 18:10:07,0.75
2023-10-17 18:15:19,0.5625
2023-10-17 18:20:26,0.5625
2023-10-17 18:25:40,0.5625
2023-10-17 18:30:52,0.5625
2023-10-17 18:36:04,0.5625
2023-10-17 18:41:16,0.5625
2023-10-17 18:46:28,0.5625
2023-10-17 18:51:35,0.5625
2023-10-17 18:56:48,0.375
2023-10-17 19:01:47,0.5625
2023-10-17 19:07:02,0.5625
2023-10-17 19:12:09,0.5625
2023-10-17 19:17:21,0.5625
2023-10-17 19:22:33,0.5625
2023-10-17 19:27:42,0.5625
2023-10-17 19:32:49,0.5625
2023-10-17 19:38:00,0.5625
2023-10-17 19:43:08,0.5625
2023-10-17 19:48:21,0.5625
2023-10-17 19:53:28,0.5625
2023-10-17 19:58:36,0.5625
2023-10-17 20:03:43,0.5625
2023-10-17 20:09:00,0.5625
2023-10-17 20:14:09,0.5625
2023-10-17 20:19:16,0.5625
2023-10-17 20:24:24,0.5625
2023-10-17 20:29:35,0.5625
2023-10-17 20:34:42,0.5625
2023-10-17 20:39:54,0.5625
2023-10-17 20:45:06,0.5625
2023-10-17 20:50:13,0.5625
2023-10-17 20:55:26,0.5625
2023-10-17 21:00:33,0.5625
2023-10-17 21:05:39,0.375
2023-10-17 21:10:51,0.5625
2023-10-17 21:15:58,0.375
2023-10-17 21:21:05,0.5625
2023-10-17 21:26:04,0.5625
2023-10-17 21:31:18,0.5625
2023-10-17 21:36:30,0.5625
2023-10-17 21:41:37,0.5625
2023-10-17 21:46:44,0.5625
2023-10-17 21:51:56,0.5625
2023-10-17 21:57:08,0.5625
2023-10-17 22:02:16,0.5625
2023-10-17 22:07:29,0.5625
2023-10-17 22:12:41,0.375
2023-10-17 22:17:53,0.5625
2023-10-17 22:23:04,0.5625
2023-10-17 22:28:16,0.5625
2023-10-17 22:33:28,0.5625
2023-10-17 22:38:40,0.5625
2023-10-17 22:43:52,0.5625
2023-10-17 22:48:59,0.5625
2023-10-17 22:54:11,0.5625
2023-10-17 22:59:19,0.5625
2023-10-17 23:04:27,0.375
2023-10-17 23:09:39,0.5625
2023-10-17 23:14:51,0.375
2023-10-17 23:20:04,0.5625
2023-10-17 23:25:11,0.5625
2023-10-17 23:30:22,0.5625
2023-10-17 23:35:29,0.5625
2023-10-17 23:40:28,0.375
2023-10-17 23:45:37,0.5625
2023-10-17 23:50:45,0.5625
2023-10-17 23:55:52,0.375
2023-10-18 00:00:59,0.5625
2023-10-18 00:06:08,0.375
2023-10-18 00:11:14,0.5625
2023-10-18 00:16:26,0.5625
2023-10-18 00:21:41,0.5625
2023-10-18 00:26:51,0.5625
2023-10-18 00:32:04,0.5625
2023-10-18 00:37:16,0.375
2023-10-18 00:42:23,0.5625
2023-10-18 00:47:31,0.5625
2023-10-18 00:52:46,0.375
2023-10-18 00:57:53,0.5625
2023-10-18 01:03:05,0.5625
2023-10-18 01:08:05,0.5625
2023-10-18 01:13:17,0.5625
2023-10-18 01:18:29,0.5625
2023-10-18 01:23:37,0.5625
2023-10-18 01:28:50,0.5625
2023-10-18 01:34:03,0.5625
2023-10-18 01:39:15,0.5625
2023-10-18 01:44:28,0.5625
2023-10-18 01:49:39,0.375
2023-10-18 01:54:52,0.5625
2023-10-18 02:00:01,0.5625
2023-10-18 02:05:07,0.5625
2023-10-18 02:10:14,0.5625
2023-10-18 02:15:22,0.5625
2023-10-18 02:20:34,0.5625
2023-10-18 02:25:41,0.5625
2023-10-18 02:30:54,0.5625
2023-10-18 02:36:06,0.5625
2023-10-18 02:41:18,0.5625
2023-10-18 02:46:30,0.5625
2023-10-18 02:51:43,0.5625
2023-10-18 02:56:56,0.5625
2023-10-18 03:02:04,0.5625
2023-10-18 03:07:16,0.5625
2023-10-18 03:12:29,0.5625
2023-10-18 03:17:37,0.5625
2023-10-18 03:22:49,0.5625
2023-10-18 03:28:02,0.5625
2023-10-18 03:33:09,0.375
2023-10-18 03:38:17,0.5625
2023-10-18 03:43:25,0.5625
2023-10-18 03:48:38,0.5625
2023-10-18 03:53:51,0.5625
2023-10-18 03:58:58,0.5625
2023-10-18 04:04:13,0.375
2023-10-18 04:09:20,0.5625
2023-10-18 04:14:20,0.5625
2023-10-18 04:19:33,0.5625
2023-10-18 04:24:45,0.5625
2023-10-18 04:29:53,0.5625
2023-10-18 04:35:00,0.375
2023-10-18 04:40:08,0.5625
2023-10-18 04:45:21,0.5625
2023-10-18 04:50:33,0.5625
2023-10-18 04:55:49,0.5625
2023-10-18 05:01:01,0.5625
2023-10-18 05:06:14,0.5625
2023-10-18 05:11:13,0.5625
2023-10-18 05:16:21,0.5625
2023-10-18 05:21:33,0.5625
2023-10-18 05:26:45,0.375
2023-10-18 05:31:57,0.5625
2023-10-18 05:37:10,0.5625
2023-10-18 05:42:21,0.5625
2023-10-18 05:47:34,0.375
2023-10-18 05:52:41,0.5625
2023-10-18 05:57:48,0.375
2023-10-18 06:03:01,0.5625
2023-10-18 06:08:14,0.5625
2023-10-18 06:13:26,0.5625
2023-10-18 06:18:33,0.375
2023-10-18 06:23:41,0.5625
2023-10-18 06:28:53,0.5625
2023-10-18 06:34:06,0.5625
2023-10-18 06:39:17,0.5625
2023-10-18 06:44:26,0.5625
2023-10-18 06:49:33,0.5625
2023-10-18 06:54:45,0.375
2023-10-18 06:59:57,0.5625
2023-10-18 07:05:05,0.5625
2023-10-18 07:10:12,0.375
2023-10-18 07:15:20,0.5625
2023-10-18 07:20:27,0.5625
2023-10-18 07:25:34,0.5625
2023-10-18 07:30:46,0.5625
2023-10-18 07:35:53,0.5625
2023-10-18 07:41:05,0.5625
2023-10-18 07:46:18,0.5625
2023-10-18 07:51:18,0.75
2023-10-18 07:56:31,0.9375
2023-10-18 08:01:38,0.9375
2023-10-18 08:06:50,1.125
2023-10-18 08:12:03,1.125
2023-10-18 08:17:10,1.125
2023-10-18 08:22:17,1.3125
2023-10-18 08:27:30,1.3125
2023-10-18 08:32:42,1.3125
2023-10-18 08:37:55,1.3125
2023-10-18 08:43:07,1.3125
2023-10-18 08:48:20,1.5
2023-10-18 08:53:33,1.6875
2023-10-18 08:58:40,1.875
2023-10-18 09:03:52,1.875
2023-10-18 09:09:04,1.875
2023-10-18 09:14:16,2.0625
2023-10-18 09:19:29,2.0625
2023-10-18 09:24:40,2.0625
2023-10-18 09:29:47,1.875
2023-10-18 09:34:59,1.6875
2023-10-18 09:40:13,1.6875
2023-10-18 09:45:20,1.875
2023-10-18 09:50:32,2.25
2023-10-18 09:55:45,2.25
2023-10-18 10:00:57,2.25
2023-10-18 10:06:09,2.4375
